{
  "project_info": {
    "project_number": "766943959049",
    "firebase_url": "https://keen-hope-224307.firebaseio.com",
    "project_id": "keen-hope-224307",
    "storage_bucket": "keen-hope-224307.appspot.com"
  },
  "client": [
    {
      "client_info": {
        "mobilesdk_app_id": "1:766943959049:android:dccf14d4af02e0a3f3c0d8",
        "android_client_info": {
          "package_name": "com.android.application"
        }
      },
      "oauth_client": [
        {
          "client_id": "766943959049-5mlhfenc0vjpg0uvjv50rjqj0lapknet.apps.googleusercontent.com",
          "client_type": 3
        }
      ],
      "api_key": [
        {
          "current_key": "AIzaSyDWbjtUXWu6dCio1aQrdeb4iFHHV5zcQiQ"
        }
      ],
      "services": {
        "appinvite_service": {
          "other_platform_oauth_client": [
            {
              "client_id": "766943959049-5mlhfenc0vjpg0uvjv50rjqj0lapknet.apps.googleusercontent.com",
              "client_type": 3
            }
          ]
        }
      }
    },
    {
      "client_info": {
        "mobilesdk_app_id": "1:766943959049:android:3287dbb673cb0ed2f3c0d8",
        "android_client_info": {
          "package_name": "com.crave.food.add_to_cart"
        }
      },
      "oauth_client": [
        {
          "client_id": "766943959049-5mlhfenc0vjpg0uvjv50rjqj0lapknet.apps.googleusercontent.com",
          "client_type": 3
        }
      ],
      "api_key": [
        {
          "current_key": "AIzaSyDWbjtUXWu6dCio1aQrdeb4iFHHV5zcQiQ"
        }
      ],
      "services": {
        "appinvite_service": {
          "other_platform_oauth_client": [
            {
              "client_id": "766943959049-5mlhfenc0vjpg0uvjv50rjqj0lapknet.apps.googleusercontent.com",
              "client_type": 3
            }
          ]
        }
      }
    },
    {
      "client_info": {
        "mobilesdk_app_id": "1:766943959049:android:bc760a92f60af0c6f3c0d8",
        "android_client_info": {
          "package_name": "com.crave.food.csse_android_app"
        }
      },
      "oauth_client": [
        {
          "client_id": "766943959049-5mlhfenc0vjpg0uvjv50rjqj0lapknet.apps.googleusercontent.com",
          "client_type": 3
        }
      ],
      "api_key": [
        {
          "current_key": "AIzaSyDWbjtUXWu6dCio1aQrdeb4iFHHV5zcQiQ"
        }
      ],
      "services": {
        "appinvite_service": {
          "other_platform_oauth_client": [
            {
              "client_id": "766943959049-5mlhfenc0vjpg0uvjv50rjqj0lapknet.apps.googleusercontent.com",
              "client_type": 3
            }
          ]
        }
      }
    },
    {
      "client_info": {
        "mobilesdk_app_id": "1:766943959049:android:4f6d6504c436e081",
        "android_client_info": {
          "package_name": "com.sba.slyoutubers"
        }
      },
      "oauth_client": [
        {
          "client_id": "766943959049-fbp7ic912homr0b9nb17diip1pl6vf76.apps.googleusercontent.com",
          "client_type": 1,
          "android_info": {
            "package_name": "com.sba.slyoutubers",
            "certificate_hash": "84974f3ae11224cb7d83a6f359f0e3cc96a54cb3"
          }
        },
        {
          "client_id": "766943959049-5mlhfenc0vjpg0uvjv50rjqj0lapknet.apps.googleusercontent.com",
          "client_type": 3
        }
      ],
      "api_key": [
        {
          "current_key": "AIzaSyDWbjtUXWu6dCio1aQrdeb4iFHHV5zcQiQ"
        }
      ],
      "services": {
        "appinvite_service": {
          "other_platform_oauth_client": [
            {
              "client_id": "766943959049-5mlhfenc0vjpg0uvjv50rjqj0lapknet.apps.googleusercontent.com",
              "client_type": 3
            }
          ]
        }
      }
    },
    {
      "client_info": {
        "mobilesdk_app_id": "1:766943959049:android:8b9bc76dc97cf15cf3c0d8",
        "android_client_info": {
          "package_name": "lk.bhasha.firebasepushnotoficationexample"
        }
      },
      "oauth_client": [
        {
          "client_id": "766943959049-p9f0pbqjue9tprlf305pf6t4psloash9.apps.googleusercontent.com",
          "client_type": 1,
          "android_info": {
            "package_name": "lk.bhasha.firebasepushnotoficationexample",
            "certificate_hash": "48d5c2f0fcbb93d42a34028a9e981a4e4c4f6dfb"
          }
        },
        {
          "client_id": "766943959049-5mlhfenc0vjpg0uvjv50rjqj0lapknet.apps.googleusercontent.com",
          "client_type": 3
        }
      ],
      "api_key": [
        {
          "current_key": "AIzaSyDWbjtUXWu6dCio1aQrdeb4iFHHV5zcQiQ"
        }
      ],
      "services": {
        "appinvite_service": {
          "other_platform_oauth_client": [
            {
              "client_id": "766943959049-5mlhfenc0vjpg0uvjv50rjqj0lapknet.apps.googleusercontent.com",
              "client_type": 3
            }
          ]
        }
      }
    }
  ],
  "configuration_version": "1"
}